|,|__birthdate,|__college,|__first_name,|__full_name,|__gsis_id,|__gsis_name,|__height,|__last_name,|__number,|__position,|__profile_id,|__profile_url,|__status,|__team,|__weight,|__years_pro
00-0000045,5/18/1975,Michigan State,Flozell,Flozell Adams,00-0000045,F.Adams,79,Adams,,,2499355,http://www.nfl.com/player/flozelladams/2499355/pro...,,,338,13
00-0000108,12/09/1974,Louisville,David,David Akers,00-0000108,D.Akers,70,Akers,2,,2499370,http://www.nfl.com/player/davidakers/2499370/profi...,,,200,16
00-0000121,05/01/1971,North Carolina,Ethan,Ethan Albright,00-0000121,E.Albright,77,Albright,,,2499374,http://www.nfl.com/player/ethanalbright/2499374/pr...,,,260,16
00-0000551,09/06/1976,UCLA,Brendon,Brendon Ayanbadejo,00-0000551,B.Ayanbadejo,73,Ayanbadejo,,,2499480,http://www.nfl.com/player/brendonayanbadejo/249948...,,,225,10
00-0000585,6/22/1978,Georgia,Champ,Champ Bailey,00-0000585,C.Bailey,72,Bailey,27,,2499489,http://www.nfl.com/player/champbailey/2499489/prof...,,,192,16
00-0000741,04/07/1975,Virginia,Ronde,Ronde Barber,00-0000741,R.Barber,70,Barber,,,2499530,http://www.nfl.com/player/rondebarber/2499530/prof...,,,184,16
00-0000846,9/29/1977,Maryland,Eric,Eric Barton,00-0000846,E.Barton,75,Barton,,,2499561,http://www.nfl.com/player/ericbarton/2499561/profi...,,,245,12
00-0000865,12/05/1974,Eastern Michigan,Charlie,Charlie Batch,00-0000865,C.Batch,74,Batch,,,2499567,http://www.nfl.com/player/charliebatch/2499567/pro...,,,216,15
00-0001157,6/24/1972,Colorado,Mitch,Mitch Berger,00-0001157,M.Berger,76,Berger,,,2499635,http://www.nfl.com/player/mitchberger/2499635/prof...,,,228,16
00-0001176,8/15/1975,Notre Dame,Bertrand,Bertrand Berry,00-0001176,B.Berry,75,Berry,,,2499638,http://www.nfl.com/player/bertrandberry/2499638/pr...,,,254,12
00-0001231,3/13/1976,Oregon,Josh,Josh Bidwell,00-0001231,J.Bidwell,75,Bidwell,,,2499648,http://www.nfl.com/player/joshbidwell/2499648/prof...,,,228,11
00-0001255,02/06/1972,California,David,David Binn,00-0001255,D.Binn,75,Binn,,,2499654,http://www.nfl.com/player/davidbinn/2499654/profil...,,,228,18
00-0001263,7/23/1976,Harvard,Matt,Matt Birk,00-0001263,M.Birk,76,Birk,,,2499656,http://www.nfl.com/player/mattbirk/2499656/profile,,,310,15
00-0001388,5/22/1977,North Carolina,Dre',Dre' Bly,00-0001388,D.Bly,70,Bly,,,2499687,http://www.nfl.com/player/dre'bly/2499687/profile,,,188,12
00-0001477,7/31/1976,Louisiana-Monroe,Marty,Marty Booker,00-0001477,M.Booker,72,Booker,,,2499702,http://www.nfl.com/player/martybooker/2499702/prof...,,,205,11
00-0001545,08/01/1972,St. Cloud State,Todd,Todd Bouman,00-0001545,T.Bouman,74,Bouman,,,2499725,http://www.nfl.com/player/toddbouman/2499725/profi...,,,236,15
00-0001563,07/03/1977,Western Illinois,David,David Bowens,00-0001563,D.Bowens,75,Bowens,,,2499731,http://www.nfl.com/player/davidbowens/2499731/prof...,,,265,12
00-0001820,10/30/1975,Georgia Tech,Keith,Keith Brooking,00-0001820,K.Brooking,74,Brooking,,,2499799,http://www.nfl.com/player/keithbrooking/2499799/pr...,,,240,15
00-0001980,12/23/1976,Nebraska,Kris,Kris Brown,00-0001980,K.Brown,71,Brown,,,2499851,http://www.nfl.com/player/krisbrown/2499851/profil...,,,215,12
00-0002099,11/10/1972,Memphis,Isaac,Isaac Bruce,00-0002099,I.Bruce,72,Bruce,,,2499879,http://www.nfl.com/player/isaacbruce/2499879/profi...,,,188,16
00-0002110,9/17/1970,Washington,Mark,Mark Brunell,00-0002110,M.Brunell,73,Brunell,,,2499883,http://www.nfl.com/player/markbrunell/2499883/prof...,,,215,19
00-0002123,06/09/1973,Arizona,Tedy,Tedy Bruschi,00-0002123,T.Bruschi,73,Bruschi,,,2499884,http://www.nfl.com/player/tedybruschi/2499884/prof...,,,247,14
00-0002655,4/20/1964,Notre Dame,John,John Carney,00-0002655,J.Carney,71,Carney,,,2499991,http://www.nfl.com/player/johncarney/2499991/profi...,,,185,23
00-0003035,4/20/1977,Wake Forest,Desmond,Desmond Clark,00-0003035,D.Clark,75,Clark,,,2500080,http://www.nfl.com/player/desmondclark/2500080/pro...,,,249,13
00-0003239,8/16/1976,East Carolina,Rod,Rod Coleman,00-0003239,R.Coleman,74,Coleman,,,2500137,http://www.nfl.com/player/rodcoleman/2500137/profi...,,,285,10
00-0003292,12/30/1972,Penn State,Kerry,Kerry Collins,00-0003292,K.Collins,77,Collins,,,2500150,http://www.nfl.com/player/kerrycollins/2500150/pro...,,,247,17
00-0003315,11/05/1971,Michigan,Todd,Todd Collins,00-0003315,T.Collins,76,Collins,,,2500157,http://www.nfl.com/player/toddcollins/2500157/prof...,,,223,16
00-0003739,1/28/1977,Central Florida,Daunte,Daunte Culpepper,00-0003739,D.Culpepper,76,Culpepper,,,2500249,http://www.nfl.com/player/daunteculpepper/2500249/...,,,260,11
00-0003874,03/04/1973,Georgia,Phillip,Phillip Daniels,00-0003874,P.Daniels,77,Daniels,,,2500287,http://www.nfl.com/player/phillipdaniels/2500287/p...,,,302,15
00-0003888,10/22/1975,South Carolina State,Chartric,Chartric Darby,00-0003888,C.Darby,72,Darby,,,2500291,http://www.nfl.com/player/chartricdarby/2500291/pr...,,,302,9
00-0004073,10/13/1973,Clemson,Brian,Brian Dawkins,00-0004073,B.Dawkins,72,Dawkins,,,2500343,http://www.nfl.com/player/briandawkins/2500343/pro...,,,210,16
00-0004091,1/23/1975,Texas,Phil,Phil Dawson,00-0004091,P.Dawson,71,Dawson,4,K,2500351,http://www.nfl.com/player/phildawson/2500351/profi...,ACT,ARI,200,19
00-0004112,1/22/1976,Tarleton State,James,James Dearth,00-0004112,J.Dearth,76,Dearth,,,2500355,http://www.nfl.com/player/jamesdearth/2500355/prof...,,,265,12
00-0004161,01/10/1975,Louisiana-Lafayette,Jake,Jake Delhomme,00-0004161,J.Delhomme,74,Delhomme,,,2500361,http://www.nfl.com/player/jakedelhomme/2500361/pro...,,,215,14
00-0004472,3/15/1977,Howard,Marques,Marques Douglas,00-0004472,M.Douglas,74,Douglas,,,2500445,http://www.nfl.com/player/marquesdouglas/2500445/p...,,,290,12
00-0004505,2/26/1976,Stanford,Chris,Chris Draft,00-0004505,C.Draft,71,Draft,,,2500456,http://www.nfl.com/player/chrisdraft/2500456/profi...,,,234,13
00-0004541,02/02/1975,Alcorn State,Donald,Donald Driver,00-0004541,D.Driver,72,Driver,,,2500467,http://www.nfl.com/player/donalddriver/2500467/pro...,,,194,14
00-0004811,03/08/1970,Hawaii,Jason,Jason Elam,00-0004811,J.Elam,71,Elam,,,2500527,http://www.nfl.com/player/jasonelam/2500527/profil...,,,195,17
00-0004851,8/14/1975,North Carolina,Greg,Greg Ellis,00-0004851,G.Ellis,78,Ellis,,,2500538,http://www.nfl.com/player/gregellis/2500538/profil...,,,265,12
00-0004915,01/07/1973,Penn State,Bobby,Bobby Engram,00-0004915,B.Engram,70,Engram,,,2500556,http://www.nfl.com/player/bobbyengram/2500556/prof...,,,192,15
00-0005058,12/07/1976,LSU,Alan,Alan Faneca,00-0005058,A.Faneca,77,Faneca,,,2500587,http://www.nfl.com/player/alanfaneca/2500587/profi...,,,316,13
00-0005082,01/06/1975,Virginia,James,James Farrior,00-0005082,J.Farrior,74,Farrior,,,2500597,http://www.nfl.com/player/jamesfarrior/2500597/pro...,,,243,15
00-0005091,06/05/1976,LSU,Kevin,Kevin Faulk,00-0005091,K.Faulk,68,Faulk,,,2500600,http://www.nfl.com/player/kevinfaulk/2500600/profi...,,,202,13
00-0005106,10/10/1969,Southern Mississippi,Brett,Brett Favre,00-0005106,B.Favre,74,Favre,,,2500606,http://www.nfl.com/player/brettfavre/2500606/profi...,,,222,20
00-0005113,03/07/1966,Miami (Fla.),Jeff,Jeff Feagles,00-0005113,J.Feagles,73,Feagles,,,2500608,http://www.nfl.com/player/jefffeagles/2500608/prof...,,,215,22
00-0005150,11/28/1974,Georgia,Jason,Jason Ferguson,00-0005150,J.Ferguson,75,Ferguson,,,2500613,http://www.nfl.com/player/jasonferguson/2500613/pr...,,,310,13
00-0005155,11/27/1974,Georgia Tech,Nick,Nick Ferguson,00-0005155,N.Ferguson,71,Ferguson,,,2500614,http://www.nfl.com/player/nickferguson/2500614/pro...,,,204,10
00-0005231,1/31/1976,Villanova,Brian,Brian Finneran,00-0005231,B.Finneran,77,Finneran,,,2500634,http://www.nfl.com/player/brianfinneran/2500634/pr...,,,210,12
00-0005322,5/19/1975,John Carroll,London,London Fletcher,00-0005322,L.Fletcher,70,Fletcher,59,,2500650,http://www.nfl.com/player/londonfletcher/2500650/p...,,,242,16
00-0005720,11/20/1971,Ohio State,Joey,Joey Galloway,00-0005720,J.Galloway,71,Galloway,,,2500744,http://www.nfl.com/player/joeygalloway/2500744/pro...,,,197,16
00-0005755,2/24/1970,San Jose State,Jeff,Jeff Garcia,00-0005755,J.Garcia,73,Garcia,,,2500758,http://www.nfl.com/player/jeffgarcia/2500758/profi...,,,205,12
00-0006072,01/06/1976,Iowa,Mike,Mike Goff,00-0006072,M.Goff,77,Goff,,,2500827,http://www.nfl.com/player/mikegoff/2500827/profile,,,311,12
00-0006101,2/27/1976,California,Tony,Tony Gonzalez,00-0006101,T.Gonzalez,77,Gonzalez,88,,2500835,http://www.nfl.com/player/tonygonzalez/2500835/pro...,,,247,17
00-0006305,2/16/1977,Nebraska,Ahman,Ahman Green,00-0006305,A.Green,72,Green,,,2500887,http://www.nfl.com/player/ahmangreen/2500887/profi...,,,218,12
00-0006398,11/01/1976,Oklahoma,Kelly,Kelly Gregg,00-0006398,K.Gregg,72,Gregg,,,2500916,http://www.nfl.com/player/kellygregg/2500916/profi...,,,320,13
00-0006799,10/25/1976,Marshall,Chris,Chris Hanson,00-0006799,C.Hanson,74,Hanson,,,2501015,http://www.nfl.com/player/chrishanson/2501015/prof...,,,202,11
00-0006800,6/17/1970,Washington State,Jason,Jason Hanson,00-0006800,J.Hanson,72,Hanson,,,2501016,http://www.nfl.com/player/jasonhanson/2501016/prof...,,,190,21
00-0006915,12/07/1974,Texas A&M; - Kingsville,Al,Al Harris,00-0006915,A.Harris,73,Harris,,,2501037,http://www.nfl.com/player/alharris/2501037/profile,,,194,14
00-0007091,9/25/1975,Boston College,Matt,Matt Hasselbeck,00-0007091,M.Hasselbeck,76,Hasselbeck,8,,2501078,http://www.nfl.com/player/matthasselbeck/2501078/p...,,,235,17
00-0007213,9/21/1976,South Dakota State,Steve,Steve Heiden,00-0007213,S.Heiden,77,Heiden,,,2501111,http://www.nfl.com/player/steveheiden/2501111/prof...,,,270,11
00-0007308,5/18/1971,Notre Dame,Craig,Craig Hentrich,00-0007308,C.Hentrich,75,Hentrich,,,2501132,http://www.nfl.com/player/craighentrich/2501132/pr...,,,213,17
00-0007611,12/11/1975,North Carolina,Vonnie,Vonnie Holliday,00-0007611,V.Holliday,77,Holliday,,,2501208,http://www.nfl.com/player/vonnieholliday/2501208/p...,,,288,15
00-0007681,06/05/1976,North Carolina State,Torry,Torry Holt,00-0007681,T.Holt,72,Holt,,,2501229,http://www.nfl.com/player/torryholt/2501229/profil...,,,200,12
00-0007835,07/09/1973,Washington,Damon,Damon Huard,00-0007835,D.Huard,75,Huard,,,2501258,http://www.nfl.com/player/damonhuard/2501258/profi...,,,218,13
00-0008075,9/26/1974,Rice,Larry,Larry Izzo,00-0008075,L.Izzo,70,Izzo,,,2501313,http://www.nfl.com/player/larryizzo/2501313/profil...,,,225,14
00-0008124,1/21/1973,Knoxville,Grady,Grady Jackson,00-0008124,G.Jackson,74,Jackson,,,2501324,http://www.nfl.com/player/gradyjackson/2501324/pro...,,,345,13
00-0008241,08/01/1978,Miami (Fla.),Edgerrin,Edgerrin James,00-0008241,E.James,72,James,,,2501355,http://www.nfl.com/player/edgerrinjames/2501355/pr...,,,219,11
00-0008271,1/28/1976,Michigan,Jon,Jon Jansen,00-0008271,J.Jansen,78,Jansen,,,2501362,http://www.nfl.com/player/jonjansen/2501362/profil...,,,305,12
00-0008484,06/01/1975,Northern Colorado,Dirk,Dirk Johnson,00-0008484,D.Johnson,72,Johnson,,,2501418,http://www.nfl.com/player/dirkjohnson/2501418/prof...,,,210,8
00-0009028,10/27/1969,Georgia,John,John Kasay,00-0009028,J.Kasay,70,Kasay,,,2501563,http://www.nfl.com/player/johnkasay/2501563/profil...,,,210,22
00-0009056,09/03/1976,Florida,Jevon,Jevon Kearse,00-0009056,J.Kearse,76,Kearse,,,2501571,http://www.nfl.com/player/jevonkearse/2501571/prof...,,,265,11
00-0009119,2/22/1977,Mississippi State,Reggie,Reggie Kelly,00-0009119,R.Kelly,76,Kelly,,,2501583,http://www.nfl.com/player/reggiekelly/2501583/prof...,,,257,12
00-0009173,12/30/1976,Virginia,Patrick,Patrick Kerney,00-0009173,P.Kerney,77,Kerney,,,2501602,http://www.nfl.com/player/patrickkerney/2501602/pr...,,,272,11
00-0009305,09/06/1974,UCLA,Travis,Travis Kirschke,00-0009305,T.Kirschke,75,Kirschke,,,2501628,http://www.nfl.com/player/traviskirschke/2501628/p...,,,298,13
00-0009311,9/21/1972,Central Washington,Jon,Jon Kitna,00-0009311,J.Kitna,74,Kitna,3,,2501630,http://www.nfl.com/player/jonkitna/2501630/profile,,,220,16
00-0009323,1/31/1977,North Dakota,Jimmy,Jimmy Kleinsasser,00-0009323,J.Kleinsasser,75,Kleinsasser,,,2501633,http://www.nfl.com/player/jimmykleinsasser/2501633...,,,272,13
00-0009472,06/09/1977,Washington,Olin,Olin Kreutz,00-0009472,O.Kreutz,74,Kreutz,,,2501660,http://www.nfl.com/player/olinkreutz/2501660/profi...,,,292,14
00-0009530,05/12/1972,Arizona State,Jason,Jason Kyle,00-0009530,J.Kyle,75,Kyle,,,2501669,http://www.nfl.com/player/jasonkyle/2501669/profil...,,,242,16
00-0009687,02/10/1974,Michigan,Ty,Ty Law,00-0009687,T.Law,71,Law,,,2501705,http://www.nfl.com/player/tylaw/2501705/profile,,,200,15
00-0009889,5/15/1975,Miami (Fla.),Ray,Ray Lewis,00-0009889,R.Lewis,73,Lewis,,,2501750,http://www.nfl.com/player/raylewis/2501750/profile,,,240,17
00-0009978,10/19/1974,Tennessee,Leonard,Leonard Little,00-0009978,L.Little,75,Little,,,2501771,http://www.nfl.com/player/leonardlittle/2501771/pr...,,,267,12
00-0010072,8/16/1974,California,Ryan,Ryan Longwell,00-0010072,R.Longwell,72,Longwell,,,2501792,http://www.nfl.com/player/ryanlongwell/2501792/pro...,,,200,16
00-0010341,4/18/1975,Duke,Patrick,Patrick Mannelly,00-0010341,P.Mannelly,77,Mannelly,65,,2501861,http://www.nfl.com/player/patrickmannelly/2501861/...,,,265,16
00-0010346,3/24/1976,Tennessee,Peyton,Peyton Manning,00-0010346,P.Manning,77,Manning,18,,2501863,http://www.nfl.com/player/peytonmanning/2501863/pr...,,,230,18
00-0010373,06/06/1973,Syracuse,Olindo,Olindo Mare,00-0010373,O.Mare,71,Mare,,,2501868,http://www.nfl.com/player/olindomare/2501868/profi...,,,185,16
00-0010500,1/17/1974,Michigan State,Derrick,Derrick Mason,00-0010500,D.Mason,70,Mason,,,2501898,http://www.nfl.com/player/derrickmason/2501898/pro...,,,197,15
00-0010577,1/23/1971,LSU,Kevin,Kevin Mawae,00-0010577,K.Mawae,76,Mawae,,,2501917,http://www.nfl.com/player/kevinmawae/2501917/profi...,,,289,16
00-0010609,02/09/1974,Ball State,Brad,Brad Maynard,00-0010609,B.Maynard,73,Maynard,,,2501931,http://www.nfl.com/player/bradmaynard/2501931/prof...,,,188,15
00-0010634,6/14/1977,Arizona,Chris,Chris McAlister,00-0010634,C.McAlister,73,McAlister,,,2501936,http://www.nfl.com/player/chrismcalister/2501936/p...,,,210,11
00-0010711,2/16/1977,LSU,Todd,Todd McClure,00-0010711,T.McClure,73,McClure,,,2501951,http://www.nfl.com/player/toddmcclure/2501951/prof...,,,296,14
00-0010944,4/26/1976,Memphis,Mike,Mike McKenzie,00-0010944,M.McKenzie,72,McKenzie,,,2502019,http://www.nfl.com/player/mikemckenzie/2502019/pro...,,,194,11
00-0011022,11/25/1976,Syracuse,Donovan,Donovan McNabb,00-0011022,D.McNabb,74,McNabb,,,2502044,http://www.nfl.com/player/donovanmcnabb/2502044/pr...,,,240,13
00-0011236,4/24/1977,USC,Billy,Billy Miller,00-0011236,B.Miller,75,Miller,,,2502096,http://www.nfl.com/player/billymiller/2502096/prof...,,,252,9
00-0011326,11/14/1973,Washington,Lawyer,Lawyer Milloy,00-0011326,L.Milloy,72,Milloy,,,2502115,http://www.nfl.com/player/lawyermilloy/2502115/pro...,,,211,15
00-0011626,02/05/1976,Pittsburg State,Brian,Brian Moorman,00-0011626,B.Moorman,72,Moorman,8,,2502195,http://www.nfl.com/player/brianmoorman/2502195/pro...,,,174,14
00-0011641,2/26/1976,Brown,Sean,Sean Morey,00-0011641,S.Morey,71,Morey,,,2502200,http://www.nfl.com/player/seanmorey/2502200/profil...,,,193,9
00-0011754,2/13/1977,Marshall,Randy,Randy Moss,00-0011754,R.Moss,76,Moss,,,2502220,http://www.nfl.com/player/randymoss/2502220/profil...,,,210,14
00-0011795,05/05/1973,Michigan State,Muhsin,Muhsin Muhammad,00-0011795,M.Muhammad,74,Muhammad,,,2502231,http://www.nfl.com/player/muhsinmuhammad/2502231/p...,,,215,14
00-0011958,12/27/1970,Fresno State,Lorenzo,Lorenzo Neal,00-0011958,L.Neal,71,Neal,,,2502265,http://www.nfl.com/player/lorenzoneal/2502265/prof...,,,255,17
00-0011970,3/22/1973,San Jose State,Joe,Joe Nedney,00-0011970,J.Nedney,77,Nedney,,,2502269,http://www.nfl.com/player/joenedney/2502269/profil...,,,220,15
00-0012023,12/17/1976,South Carolina,Jamar,Jamar Nesbit,00-0012023,J.Nesbit,76,Nesbit,,,2502276,http://www.nfl.com/player/jamarnesbit/2502276/prof...,,,328,11
00-0012333,3/27/1976,Purdue,Chike,Chike Okeafor,00-0012333,C.Okeafor,77,Okeafor,,,2502348,http://www.nfl.com/player/chikeokeafor/2502348/pro...,,,256,11
00-0012478,12/07/1973,Tennessee-Chattanooga,Terrell,Terrell Owens,00-0012478,T.Owens,75,Owens,,,2502377,http://www.nfl.com/player/terrellowens/2502377/pro...,,,224,16
00-0012485,11/04/1975,Ohio State,Orlando,Orlando Pace,00-0012485,O.Pace,79,Pace,,,2502379,http://www.nfl.com/player/orlandopace/2502379/prof...,,,325,13
00-0012642,8/19/1974,Western Carolina,David,David Patten,00-0012642,D.Patten,70,Patten,,,2502419,http://www.nfl.com/player/davidpatten/2502419/prof...,,,190,13
00-0012871,6/17/1976,Florida,Mike,Mike Peterson,00-0012871,M.Peterson,73,Peterson,,,2502462,http://www.nfl.com/player/mikepeterson/2502462/pro...,,,226,14
00-0013126,3/22/1977,Colorado State,Joey,Joey Porter,00-0013126,J.Porter,75,Porter,,,2502516,http://www.nfl.com/player/joeyporter/2502516/profi...,,,248,13
00-0013255,08/06/1977,Virginia Tech,Pierson,Pierson Prioleau,00-0013255,P.Prioleau,71,Prioleau,,,2502549,http://www.nfl.com/player/piersonprioleau/2502549/...,,,188,13
00-0013282,08/03/1975,Clemson,Trevor,Trevor Pryce,00-0013282,T.Pryce,77,Pryce,,,2502561,http://www.nfl.com/player/trevorpryce/2502561/prof...,,,290,14
00-0013694,12/17/1971,Auburn,Tony,Tony Richardson,00-0013694,T.Richardson,73,Richardson,,,2502655,http://www.nfl.com/player/tonyrichardson/2502655/p...,,,240,16
00-0013845,6/22/1974,Fresno State,Bryan,Bryan Robinson,00-0013845,B.Robinson,76,Robinson,,,2502697,http://www.nfl.com/player/bryanrobinson/2502697/pr...,,,305,14
00-0014063,9/27/1974,Iowa State,Oliver,Oliver Ross,00-0014063,O.Ross,77,Ross,,,2502749,http://www.nfl.com/player/oliverross/2502749/profi...,,,315,12
00-0014071,10/22/1975,Notre Dame,Allen,Allen Rossum,00-0014071,A.Rossum,68,Rossum,,,2502751,http://www.nfl.com/player/allenrossum/2502751/prof...,,,178,12
00-0014255,6/19/1976,San Diego State,Ephraim,Ephraim Salaam,00-0014255,E.Salaam,79,Salaam,,,2502803,http://www.nfl.com/player/ephraimsalaam/2502803/pr...,,,310,13
00-0014375,6/18/1975,North Carolina,Jeff,Jeff Saturday,00-0014375,J.Saturday,74,Saturday,,,2502838,http://www.nfl.com/player/jeffsaturday/2502838/pro...,,,295,14
00-0014619,1/19/1969,USC,Junior,Junior Seau,00-0014619,J.Seau,75,Seau,,,2502886,http://www.nfl.com/player/juniorseau/2502886/profi...,,,250,20
00-0014655,7/21/1975,Walla Walla CC WA,Mike,Mike Sellers,00-0014655,M.Sellers,75,Sellers,,,2502894,http://www.nfl.com/player/mikesellers/2502894/prof...,,,272,12
00-0014724,11/03/1975,William & Mary,Darren,Darren Sharper,00-0014724,D.Sharper,74,Sharper,,,2502908,http://www.nfl.com/player/darrensharper/2502908/pr...,,,210,14
00-0015080,4/19/1976,Northern Colorado,Aaron,Aaron Smith,00-0015080,A.Smith,77,Smith,,,2502994,http://www.nfl.com/player/aaronsmith/2502994/profi...,,,298,13
00-0015194,08/09/1977,Notre Dame,Hunter,Hunter Smith,00-0015194,H.Smith,74,Smith,,,2503023,http://www.nfl.com/player/huntersmith/2503023/prof...,,,209,12
00-0015468,8/18/1975,Saginaw Valley State,Paul,Paul Spicer,00-0015468,P.Spicer,76,Spicer,,,2503082,http://www.nfl.com/player/paulspicer/2503082/profi...,,,295,11
00-0015474,12/17/1976,Auburn,Takeo,Takeo Spikes,00-0015474,T.Spikes,74,Spikes,,,2503086,http://www.nfl.com/player/takeospikes/2503086/prof...,,,242,15
00-0015495,03/11/1975,Ohio State,Shawn,Shawn Springs,00-0015495,S.Springs,72,Springs,,,2503093,http://www.nfl.com/player/shawnsprings/2503093/pro...,,,204,13
00-0015601,11/13/1975,Western Illinois,Aaron,Aaron Stecker,00-0015601,A.Stecker,70,Stecker,,,2503119,http://www.nfl.com/player/aaronstecker/2503119/pro...,,,213,10
00-0015754,6/23/1976,Louisiana-Lafayette,Brandon,Brandon Stokley,00-0015754,B.Stokley,72,Stokley,80,,2503158,http://www.nfl.com/player/brandonstokley/2503158/p...,,,194,16
00-0015784,1/27/1968,Louisiana Tech,Matt,Matt Stover,00-0015784,M.Stover,71,Stover,,,2503167,http://www.nfl.com/player/mattstover/2503167/profi...,,,180,19
00-0016098,1/27/1976,Florida,Fred,Fred Taylor,00-0016098,F.Taylor,73,Taylor,,,2503256,http://www.nfl.com/player/fredtaylor/2503256/profi...,,,228,13
00-0016112,09/01/1974,Akron,Jason,Jason Taylor,00-0016112,J.Taylor,78,Taylor,,,2503259,http://www.nfl.com/player/jasontaylor/2503259/prof...,,,244,15
00-0016271,01/10/1974,Northern Illinois,Hollis,Hollis Thomas,00-0016271,H.Thomas,72,Thomas,,,2503307,http://www.nfl.com/player/hollisthomas/2503307/pro...,,,340,14
00-0016334,11/20/1974,Florida State,Tra,Tra Thomas,00-0016334,T.Thomas,79,Thomas,,,2503326,http://www.nfl.com/player/trathomas/2503326/profil...,,,316,13
00-0016550,09/08/1974,Michigan,Amani,Amani Toomer,00-0016550,A.Toomer,75,Toomer,,,2503377,http://www.nfl.com/player/amanitoomer/2503377/prof...,,,203,14
00-0016577,09/08/1975,Alabama,Deshea,Deshea Townsend,00-0016577,D.Townsend,70,Townsend,,,2503384,http://www.nfl.com/player/desheatownsend/2503384/p...,,,190,13
00-0016624,1/20/1977,Stephen F. Austin St.,Jeremiah,Jeremiah Trotter,00-0016624,J.Trotter,73,Trotter,,,2503394,http://www.nfl.com/player/jeremiahtrotter/2503394/...,,,262,11
00-0016689,6/16/1968,Wis.-Whitewater,Matt,Matt Turk,00-0016689,M.Turk,77,Turk,,,2503416,http://www.nfl.com/player/mattturk/2503416/profile,,,251,17
00-0016919,12/28/1972,South Dakota State,Adam,Adam Vinatieri,00-0016919,A.Vinatieri,72,Vinatieri,4,K,2503471,http://www.nfl.com/player/adamvinatieri/2503471/pr...,ACT,IND,212,22
00-0016960,8/14/1975,Ohio State,Mike,Mike Vrabel,00-0016960,M.Vrabel,76,Vrabel,,,2503480,http://www.nfl.com/player/mikevrabel/2503480/profi...,,,261,14
00-0017162,03/08/1976,Georgia,Hines,Hines Ward,00-0017162,H.Ward,72,Ward,,,2503532,http://www.nfl.com/player/hinesward/2503532/profil...,,,205,14
00-0017200,6/22/1971,Northern Iowa,Kurt,Kurt Warner,00-0017200,K.Warner,74,Warner,,,2503540,http://www.nfl.com/player/kurtwarner/2503540/profi...,,,214,12
00-0017638,7/20/1973,Iowa,Casey,Casey Wiegmann,00-0017638,C.Wiegmann,74,Wiegmann,,,2503642,http://www.nfl.com/player/caseywiegmann/2503642/pr...,,,285,16
00-0017813,4/28/1976,Oklahoma State,Jamal,Jamal Williams,00-0017813,Ja.Williams,75,Williams,,,2503690,http://www.nfl.com/player/jamalwilliams/2503690/pr...,,,348,13
00-0017899,10/24/1972,Texas A&M;,Pat,Pat Williams,00-0017899,P.Williams,75,Williams,,,2503712,http://www.nfl.com/player/patwilliams/2503712/prof...,,,317,14
00-0017915,5/21/1977,Texas,Ricky,Ricky Williams,00-0017915,R.Williams,70,Williams,,,2503715,http://www.nfl.com/player/rickywilliams/2503715/pr...,,,230,12
00-0018093,6/24/1977,Ohio State,Antoine,Antoine Winfield,00-0018093,A.Winfield,69,Winfield,,,2503765,http://www.nfl.com/player/antoinewinfield/2503765/...,,,180,15
00-0018227,10/07/1976,Michigan,Charles,Charles Woodson,00-0018227,C.Woodson,73,Woodson,24,,2503797,http://www.nfl.com/player/charleswoodson/2503797/p...,,,210,18
00-0018234,11/03/1977,Boston College,Damien,Damien Woody,00-0018234,D.Woody,75,Woody,,,2503801,http://www.nfl.com/player/damienwoody/2503801/prof...,,,327,12
00-0018351,09/03/1974,Notre Dame,Renaldo,Renaldo Wynn,00-0018351,R.Wynn,75,Wynn,,,2503828,http://www.nfl.com/player/renaldowynn/2503828/prof...,,,280,13
00-0018486,03/09/1976,Wake Forest,Joe,Joe Zelenka,00-0018486,J.Zelenka,75,Zelenka,,,2503853,http://www.nfl.com/player/joezelenka/2503853/profi...,,,266,14
00-0018503,5/24/1970,Purdue,Jeff,Jeff Zgonina,00-0018503,J.Zgonina,74,Zgonina,,,2503859,http://www.nfl.com/player/jeffzgonina/2503859/prof...,,,285,17
00-0018584,2/18/1977,North Texas,Brian,Brian Waters,00-0018584,B.Waters,75,Waters,64,,2503872,http://www.nfl.com/player/brianwaters/2503872/prof...,,,320,13
00-0018605,3/21/1977,Oklahoma,Corey,Corey Ivy,00-0018605,C.Ivy,69,Ivy,,,2503881,http://www.nfl.com/player/coreyivy/2503881/profile,,,190,10
00-0018613,8/25/1976,Central Florida,Cornell,Cornell Green,00-0018613,C.Green,78,Green,,,2503884,http://www.nfl.com/player/cornellgreen/2503884/pro...,,,315,11
00-0018925,12/01/1974,Utah,Barry,Barry Sims,00-0018925,B.Sims,77,Sims,,,2503888,http://www.nfl.com/player/barrysims/2503888/profil...,,,300,12
00-0018926,08/04/1977,Wisconsin,Mike,Mike Schneck,00-0018926,M.Schneck,73,Schneck,,,2503889,http://www.nfl.com/player/mikeschneck/2503889/prof...,,,231,11
00-0018956,3/23/1977,Northern Iowa,Brad,Brad Meester,00-0018956,B.Meester,75,Meester,63,,2503900,http://www.nfl.com/player/bradmeester/2503900/prof...,,,292,14
00-0018957,1/16/1977,Kansas State,Mark,Mark Simoneau,00-0018957,M.Simoneau,72,Simoneau,,,2503901,http://www.nfl.com/player/marksimoneau/2503901/pro...,,,245,10
00-0018958,12/29/1977,Florida State,Laveranues,Laveranues Coles,00-0018958,L.Coles,71,Coles,,,2503902,http://www.nfl.com/player/laveranuescoles/2503902/...,,,200,11
00-0018970,8/29/1977,Washington State,Rob,Rob Meier,00-0018970,R.Meier,77,Meier,,,2503912,http://www.nfl.com/player/robmeier/2503912/profile,,,315,9
00-0019041,4/28/1976,Fresno State,Billy,Billy Volek,00-0019041,B.Volek,74,Volek,,,2503939,http://www.nfl.com/player/billyvolek/2503939/profi...,,,214,12
00-0019100,11/11/1976,Western Carolina,Brad,Brad Hoover,00-0019100,B.Hoover,72,Hoover,,,2503969,http://www.nfl.com/player/bradhoover/2503969/profi...,,,245,10
00-0019104,11/26/1977,Richmond,Paris,Paris Lenon,00-0019104,P.Lenon,74,Lenon,51,,2503971,http://www.nfl.com/player/parislenon/2503971/profi...,,,240,12
00-0019127,3/18/1978,Vanderbilt,Todd,Todd Yoder,00-0019127,T.Yoder,76,Yoder,,,2503980,http://www.nfl.com/player/toddyoder/2503980/profil...,,,251,10
00-0019133,9/21/1977,Robert Morris,Hank,Hank Fraley,00-0019133,H.Fraley,75,Fraley,,,2503982,http://www.nfl.com/player/hankfraley/2503982/profi...,,,310,12
00-0019135,03/11/1977,New Hampshire,Dan,Dan Kreider,00-0019135,D.Kreider,71,Kreider,,,2503984,http://www.nfl.com/player/dankreider/2503984/profi...,,,250,10
00-0019188,12/21/1976,Baylor,Justin,Justin Snow,00-0019188,J.Snow,75,Snow,,,2503999,http://www.nfl.com/player/justinsnow/2503999/profi...,,,245,13
00-0019213,3/13/1978,Sacramento State,Lonie,Lonie Paxton,00-0019213,L.Paxton,74,Paxton,,,2504013,http://www.nfl.com/player/loniepaxton/2504013/prof...,,,270,13
00-0019242,05/05/1976,Washington,Dane,Dane Looker,00-0019242,D.Looker,72,Looker,,,2504020,http://www.nfl.com/player/danelooker/2504020/profi...,,,194,9
00-0019246,08/09/1977,Indiana,Adewale,Adewale Ogunleye,00-0019246,A.Ogunleye,76,Ogunleye,,,2504022,http://www.nfl.com/player/adewaleogunleye/2504022/...,,,260,11
00-0019276,6/23/1977,Rutgers,Shaun,Shaun O'Hara,00-0019276,S.O'Hara,75,O'Hara,,,2504034,http://www.nfl.com/player/shauno'hara/2504034/prof...,,,303,11
00-0019281,03/12/1977,Northern Iowa,Mike,Mike Furrey,00-0019281,M.Furrey,72,Furrey,,,2504036,http://www.nfl.com/player/mikefurrey/2504036/profi...,,,192,8
00-0019310,1/20/1977,Washington State,Rian,Rian Lindell,00-0019310,R.Lindell,75,Lindell,4,,2504046,http://www.nfl.com/player/rianlindell/2504046/prof...,,,227,14
00-0019387,02/04/1977,Michigan,James,James Hall,00-0019387,J.Hall,74,Hall,,,2504071,http://www.nfl.com/player/jameshall/2504071/profil...,,,265,12
00-0019435,10/18/1976,William & Mary,Mike,Mike Leach,00-0019435,M.Leach,74,Leach,82,,2504089,http://www.nfl.com/player/mikeleach/2504089/profil...,,,235,16
00-0019456,5/25/1978,New Mexico,Brian,Brian Urlacher,00-0019456,B.Urlacher,76,Urlacher,,,2504098,http://www.nfl.com/player/brianurlacher/2504098/pr...,,,258,13
00-0019457,08/08/1977,West Virginia,Anthony,Anthony Becht,00-0019457,A.Becht,78,Becht,,,2504099,http://www.nfl.com/player/anthonybecht/2504099/pro...,,,270,12
00-0019467,07/08/1978,Ohio State,Na'il,Na'il Diggs,00-0019467,N.Diggs,76,Diggs,,,2504109,http://www.nfl.com/player/na'ildiggs/2504109/profi...,,,240,12
00-0019484,3/23/1977,Texas Tech,Sammy,Sammy Morris,00-0019484,S.Morris,72,Morris,,,2504126,http://www.nfl.com/player/sammymorris/2504126/prof...,,,220,12
00-0019502,6/17/1977,Wisconsin,Mark,Mark Tauscher,00-0019502,M.Tauscher,75,Tauscher,,,2504144,http://www.nfl.com/player/marktauscher/2504144/pro...,,,320,11
00-0019503,8/23/1977,Ohio State,Kevin,Kevin Houser,00-0019503,K.Houser,74,Houser,,,2504145,http://www.nfl.com/player/kevinhouser/2504145/prof...,,,252,11
00-0019506,05/09/1977,Illinois,Danny,Danny Clark,00-0019506,D.Clark,74,Clark,,,2504147,http://www.nfl.com/player/dannyclark/2504147/profi...,,,245,12
00-0019536,12/09/1977,Virginia Tech,Shayne,Shayne Graham,00-0019536,S.Graham,72,Graham,6,,2504162,http://www.nfl.com/player/shaynegraham/2504162/pro...,,,210,13
00-0019537,3/31/1976,Minnesota,Tyrone,Tyrone Carter,00-0019537,T.Carter,69,Carter,,,2504163,http://www.nfl.com/player/tyronecarter/2504163/pro...,,,195,11
00-0019538,01/10/1977,Colorado State,Clark,Clark Haggans,00-0019538,C.Haggans,76,Haggans,,,2504164,http://www.nfl.com/player/clarkhaggans/2504164/pro...,,,243,13
00-0019545,6/24/1977,Tennessee,Shaun,Shaun Ellis,00-0019545,S.Ellis,77,Ellis,,,2504170,http://www.nfl.com/player/shaunellis/2504170/profi...,,,290,12
00-0019546,05/06/1978,South Carolina,John,John Abraham,00-0019546,J.Abraham,76,Abraham,55,,2504171,http://www.nfl.com/player/johnabraham/2504171/prof...,,,263,15
00-0019548,10/14/1976,Arizona State,Brian,Brian Jennings,00-0019548,B.Jennings,77,Jennings,,,2504173,http://www.nfl.com/player/brianjennings/2504173/pr...,,,242,14
00-0019559,6/26/1976,Marshall,Chad,Chad Pennington,00-0019559,C.Pennington,75,Pennington,,,2504181,http://www.nfl.com/player/chadpennington/2504181/p...,,,225,11
00-0019560,3/14/1979,Tennessee,Deon,Deon Grant,00-0019560,D.Grant,74,Grant,,,2504182,http://www.nfl.com/player/deongrant/2504182/profil...,,,215,12
00-0019573,11/15/1977,Michigan State,Robaire,Robaire Smith,00-0019573,R.Smith,77,Smith,,,2504194,http://www.nfl.com/player/robairesmith/2504194/pro...,,,310,11
00-0019586,2/17/1977,Hawaii,Jeff,Jeff Ulbrich,00-0019586,J.Ulbrich,72,Ulbrich,,,2504203,http://www.nfl.com/player/jeffulbrich/2504203/prof...,,,240,10
00-0019587,03/12/1978,Arizona State,Terrelle,Terrelle Smith,00-0019587,T.Smith,72,Smith,,,2504204,http://www.nfl.com/player/terrellesmith/2504204/pr...,,,246,10
00-0019593,8/18/1977,Southern Mississippi,Adalius,Adalius Thomas,00-0019593,A.Thomas,74,Thomas,,,2504209,http://www.nfl.com/player/adaliusthomas/2504209/pr...,,,270,10
00-0019596,08/03/1977,Michigan,Tom,Tom Brady,00-0019596,T.Brady,76,Brady,12,QB,2504211,http://www.nfl.com/player/tombrady/2504211/profile,ACT,NE,225,18
00-0019599,04/05/1977,West Virginia,Marc,Marc Bulger,00-0019599,M.Bulger,75,Bulger,,,2504214,http://www.nfl.com/player/marcbulger/2504214/profi...,,,208,10
00-0019605,11/19/1976,Kansas State,Darren,Darren Howard,00-0019605,D.Howard,75,Howard,,,2504220,http://www.nfl.com/player/darrenhoward/2504220/pro...,,,260,10
00-0019613,9/16/1978,Nebraska,Ralph,Ralph Brown,00-0019613,R.Brown,70,Brown,,,2504228,http://www.nfl.com/player/ralphbrown/2504228/profi...,,,185,10
00-0019626,01/11/1976,Central State (Ohio),Alfonso,Alfonso Boone,00-0019626,A.Boone,75,Boone,,,2504240,http://www.nfl.com/player/alfonsoboone/2504240/pro...,,,320,11
00-0019629,9/25/1976,Arkansas,Bobbie,Bobbie Williams,00-0019629,B.Williams,76,Williams,,,2504242,http://www.nfl.com/player/bobbiewilliams/2504242/p...,,,345,13
00-0019630,8/17/1978,Mississippi,Kendrick,Kendrick Clancy,00-0019630,K.Clancy,73,Clancy,,,2504243,http://www.nfl.com/player/kendrickclancy/2504243/p...,,,305,11
00-0019632,08/11/1977,Florida,Cooper,Cooper Carlisle,00-0019632,C.Carlisle,77,Carlisle,,,2504245,http://www.nfl.com/player/coopercarlisle/2504245/p...,,,310,13
00-0019635,2/22/1978,Michigan,Dhani,Dhani Jones,00-0019635,D.Jones,73,Jones,,,2504248,http://www.nfl.com/player/dhanijones/2504248/profi...,,,236,11
00-0019640,7/28/1977,Alabama,Chris,Chris Samuels,00-0019640,C.Samuels,77,Samuels,,,2504251,http://www.nfl.com/player/chrissamuels/2504251/pro...,,,314,10
00-0019641,8/19/1978,Virginia,Thomas,Thomas Jones,00-0019641,T.Jones,70,Jones,,,2504252,http://www.nfl.com/player/thomasjones/2504252/prof...,,,212,12
00-0019642,08/12/1977,Michigan State,Plaxico,Plaxico Burress,00-0019642,P.Burress,77,Burress,80,,2504253,http://www.nfl.com/player/plaxicoburress/2504253/p...,,,232,12
00-0019645,1/30/1977,California,Deltha,Deltha O'Neal,00-0019645,D.O'Neal,71,O'Neal,,,2504256,http://www.nfl.com/player/delthao'neal/2504256/pro...,,,194,10
00-0019646,03/02/1978,Florida State,Sebastian,Sebastian Janikowski,00-0019646,S.Janikowski,73,Janikowski,11,K,2504257,http://www.nfl.com/player/sebastianjanikowski/2504...,ACT,OAK,265,18
00-0019648,04/04/1977,Syracuse,Keith,Keith Bulluck,00-0019648,K.Bulluck,75,Bulluck,,,2504259,http://www.nfl.com/player/keithbulluck/2504259/pro...,,,235,11
00-0019650,12/22/1977,Arizona,Dennis,Dennis Northcutt,00-0019650,D.Northcutt,71,Northcutt,,,2504261,http://www.nfl.com/player/dennisnorthcutt/2504261/...,,,172,11
00-0019664,3/25/1977,Kansas State,Damion,Damion McIntosh,00-0019664,D.McIntosh,76,McIntosh,,,2504275,http://www.nfl.com/player/damionmcintosh/2504275/p...,,,320,10
00-0019666,7/15/1977,Virginia,John St.,John St. Clair,00-0019666,J.St. Clair,78,Clair,,,2504277,http://www.nfl.com/player/johnst.clair/2504277/pro...,,,320,11
00-0019676,8/16/1976,Illinois,Neil,Neil Rackers,00-0019676,N.Rackers,73,Rackers,,,2504287,http://www.nfl.com/player/neilrackers/2504287/prof...,,,207,13
00-0019681,8/19/1976,Missouri State,Brad St.,Brad St. Louis,00-0019681,B.St. Louis,75,Louis,,,2504291,http://www.nfl.com/player/bradst.louis/2504291/pro...,,,243,10
00-0019693,8/26/1979,Tennessee,Jamal,Jamal Lewis,00-0019693,J.Lewis,71,Lewis,,,2504298,http://www.nfl.com/player/jamallewis/2504298/profi...,,,245,10
00-0019695,7/28/1978,Michigan State,Julian,Julian Peterson,00-0019695,J.Peterson,75,Peterson,,,2504300,http://www.nfl.com/player/julianpeterson/2504300/p...,,,240,11
00-0019696,05/12/1978,Boston College,Chris,Chris Hovan,00-0019696,C.Hovan,74,Hovan,,,2504301,http://www.nfl.com/player/chrishovan/2504301/profi...,,,296,11
00-0019699,2/13/1978,Nebraska,Mike,Mike Brown,00-0019699,M.Brown,70,Brown,,,2504304,http://www.nfl.com/player/mikebrown/2504304/profil...,,,207,10
00-0019700,12/03/1976,Alabama,Cornelius,Cornelius Griffin,00-0019700,C.Griffin,76,Griffin,,,2504305,http://www.nfl.com/player/corneliusgriffin/2504305...,,,303,10
00-0019702,6/26/1976,Tennessee,Chad,Chad Clifton,00-0019702,C.Clifton,77,Clifton,,,2504307,http://www.nfl.com/player/chadclifton/2504307/prof...,,,320,12
00-0019706,3/26/1977,Wake Forest,Fred,Fred Robbins,00-0019706,F.Robbins,76,Robbins,,,2504311,http://www.nfl.com/player/fredrobbins/2504311/prof...,,,322,12
00-0019709,07/07/1977,Louisville,Chris,Chris Redman,00-0019709,C.Redman,75,Redman,,,2504314,http://www.nfl.com/player/chrisredman/2504314/prof...,,,225,10
00-0019710,8/31/1977,Pittsburgh,Hank,Hank Poteat,00-0019710,H.Poteat,70,Poteat,,,2504315,http://www.nfl.com/player/hankpoteat/2504315/profi...,,,195,10
00-0019714,08/07/1976,Texas A&M,Shane,Shane Lechler,00-0019714,S.Lechler,74,Lechler,9,P,2504319,http://www.nfl.com/player/shanelechler/2504319/pro...,ACT,HOU,240,18
00-0019724,3/26/1977,LSU,Mark,Mark Roman,00-0019724,M.Roman,71,Roman,,,2504323,http://www.nfl.com/player/markroman/2504323/profil...,,,205,10
00-0019733,09/10/1974,Fort Valley State,Nick,Nick Harper,00-0019733,N.Harper,70,Harper,,,2504330,http://www.nfl.com/player/nickharper/2504330/profi...,,,182,9
00-0019770,5/23/1976,Michigan,Jay,Jay Feely,00-0019770,J.Feely,70,Feely,0,,2504343,http://www.nfl.com/player/jayfeely/2504343/profile,,,208,14
00-0019778,05/03/1978,Troy,Lawrence,Lawrence Tynes,00-0019778,L.Tynes,73,Tynes,,,2504346,http://www.nfl.com/player/lawrencetynes/2504346/pr...,,,194,10
00-0019794,07/12/1979,Illinois State,Aveion,Aveion Cason,00-0019794,A.Cason,70,Cason,,,2504353,http://www.nfl.com/player/aveioncason/2504353/prof...,,,215,9
00-0019809,12/03/1977,Cincinnati,Troy,Troy Evans,00-0019809,T.Evans,75,Evans,,,2504358,http://www.nfl.com/player/troyevans/2504358/profil...,,,238,9
00-0019863,1/17/1979,Midwestern State,Dominic,Dominic Rhodes,00-0019863,D.Rhodes,69,Rhodes,,,2504378,http://www.nfl.com/player/dominicrhodes/2504378/pr...,,,203,10
00-0019921,5/17/1978,Iowa,Jason,Jason Baker,00-0019921,J.Baker,74,Baker,,,2504395,http://www.nfl.com/player/jasonbaker/2504395/profi...,,,205,11
00-0019940,04/06/1976,Brigham Young,Chris,Chris Hoke,00-0019940,C.Hoke,74,Hoke,,,2504405,http://www.nfl.com/player/chrishoke/2504405/profil...,,,305,11
00-0019954,4/13/1978,Mississippi,Keydrick,Keydrick Vincent,00-0019954,K.Vincent,77,Vincent,,,2504410,http://www.nfl.com/player/keydrickvincent/2504410/...,,,325,10
00-0019986,5/15/1978,Oklahoma State,Juqua,Juqua Parker,00-0019986,J.Parker,74,Parker,,,2504423,http://www.nfl.com/player/juquaparker/2504423/prof...,,,250,12
00-0019993,8/29/1976,Augustana (S.D.),Kevin,Kevin Kaesviharn,00-0019993,K.Kaesviharn,73,Kaesviharn,,,2504426,http://www.nfl.com/player/kevinkaesviharn/2504426/...,,,200,9
00-0020006,10/26/1978,Arizona,Antonio,Antonio Pierce,00-0020006,A.Pierce,73,Pierce,,,2504433,http://www.nfl.com/player/antoniopierce/2504433/pr...,,,238,9
00-0020055,09/03/1979,Georgia,Demetric,Demetric Evans,00-0020055,D.Evans,76,Evans,,,2504457,http://www.nfl.com/player/demetricevans/2504457/pr...,,,275,9
00-0020107,7/31/1978,Virginia Tech,Nick,Nick Sorensen,00-0020107,N.Sorensen,75,Sorensen,,,2504474,http://www.nfl.com/player/nicksorensen/2504474/pro...,,,210,10
00-0020138,3/30/1979,Western Illinois,Rich,Rich Seubert,00-0020138,R.Seubert,75,Seubert,,,2504486,http://www.nfl.com/player/richseubert/2504486/prof...,,,310,10
00-0020139,10/11/1977,South Dakota,Josh,Josh Stamer,00-0020139,J.Stamer,74,Stamer,,,2504487,http://www.nfl.com/player/joshstamer/2504487/profi...,,,242,7
00-0020199,02/05/1978,San Diego State,Brian,Brian Russell,00-0020199,B.Russell,74,Russell,,,2504512,http://www.nfl.com/player/brianrussell/2504512/pro...,,,210,8
00-0020245,6/26/1980,Virginia Tech,Mike,Mike Vick,00-0020245,M.Vick,72,Vick,2,,2504531,http://www.nfl.com/player/mikevick/2504531/profile,,,210,15
00-0020260,3/26/1979,Texas A&M - Kingsville,Roberto,Roberto Garza,00-0020260,R.Garza,74,Garza,63,,2504538,http://www.nfl.com/player/robertogarza/2504538/pro...,,,310,14
00-0020267,7/23/1978,California,Nick,Nick Harris,00-0020267,N.Harris,74,Harris,,,2504542,http://www.nfl.com/player/nickharris/2504542/profi...,,,218,12
00-0020268,08/09/1979,Penn State,Tony,Tony Stewart,00-0020268,T.Stewart,77,Stewart,,,2504543,http://www.nfl.com/player/tonystewart/2504543/prof...,,,260,10
00-0020270,10/06/1978,Nebraska,Correll,Correll Buckhalter,00-0020270,C.Buckhalter,72,Buckhalter,,,2504545,http://www.nfl.com/player/correllbuckhalter/250454...,,,223,10
00-0020278,8/31/1979,Vanderbilt,Matt,Matt Stewart,00-0020278,M.Stewart,75,Stewart,,,2504550,http://www.nfl.com/player/mattstewart/2504550/prof...,,,239,10
00-0020280,3/17/1977,Kentucky,Marlon,Marlon McCree,00-0020280,M.McCree,71,McCree,,,2504551,http://www.nfl.com/player/marlonmccree/2504551/pro...,,,204,9
00-0020285,12/23/1977,North Carolina,Alge,Alge Crumpler,00-0020285,A.Crumpler,74,Crumpler,,,2504554,http://www.nfl.com/player/algecrumpler/2504554/pro...,,,275,10
00-0020286,07/12/1979,Texas A&M;,Ron,Ron Edwards,00-0020286,R.Edwards,75,Edwards,,,2504555,http://www.nfl.com/player/ronedwards/2504555/profi...,,,325,12
00-0020301,11/12/1978,Michigan State,Renaldo,Renaldo Hill,00-0020301,R.Hill,71,Hill,,,2504564,http://www.nfl.com/player/renaldohill/2504564/prof...,,,205,10
00-0020305,5/16/1977,Oregon,A.J.,A.J. Feeley,00-0020305,A.Feeley,75,Feeley,,,2504566,http://www.nfl.com/player/a.j.feeley/2504566/profi...,,,216,11
00-0020329,11/03/1976,South Florida,Anthony,Anthony Henry,00-0020329,A.Henry,73,Henry,,,2504587,http://www.nfl.com/player/anthonyhenry/2504587/pro...,,,207,9
00-0020332,3/13/1979,Tennessee,David,David Martin,00-0020332,D.Martin,76,Martin,,,2504590,http://www.nfl.com/player/davidmartin/2504590/prof...,,,264,10
00-0020337,05/12/1979,Utah,Steve,Steve Smith,00-0020337,S.Smith,69,Smith,89,,2504595,http://www.nfl.com/player/stevesmith/2504595/profi...,,,195,17
00-0020342,01/04/1980,Arizona,Brandon,Brandon Manumaleuna,00-0020342,B.Manumaleuna,74,Manumaleuna,,,2504600,http://www.nfl.com/player/brandonmanumaleuna/25046...,,,295,10
00-0020344,8/17/1978,Purdue,Brandon,Brandon Gorin,00-0020344,B.Gorin,78,Gorin,,,2504602,http://www.nfl.com/player/brandongorin/2504602/pro...,,,308,8
00-0020348,11/15/1978,Mississippi State,Floyd,Floyd Womack,00-0020348,F.Womack,76,Womack,,,2504606,http://www.nfl.com/player/floydwomack/2504606/prof...,,,328,11
00-0020368,8/18/1977,Minnesota,Ben,Ben Hamilton,00-0020368,B.Hamilton,77,Hamilton,,,2504622,http://www.nfl.com/player/benhamilton/2504622/prof...,,,290,10
00-0020380,08/03/1979,Maryland,Kris,Kris Jenkins,00-0020380,K.Jenkins,76,Jenkins,,,2504634,http://www.nfl.com/player/krisjenkins/2504634/prof...,,,360,10
00-0020382,11/17/1978,Nebraska,Kyle Vanden,Kyle Vanden Bosch,00-0020382,K.Vanden Bosch,76,Bosch,,,2504636,http://www.nfl.com/player/kylevandenbosch/2504636/...,,,278,12
00-0020384,6/15/1979,Western Illinois,William,William James,00-0020384,W.James,72,James,,,2504638,http://www.nfl.com/player/williamjames/2504638/pro...,,,200,10
00-0020389,10/07/1977,Nebraska,Russ,Russ Hochstein,00-0020389,R.Hochstein,76,Hochstein,,,2504643,http://www.nfl.com/player/russhochstein/2504643/pr...,,,300,12
00-0020391,02/08/1979,Illinois,Jameel,Jameel Cook,00-0020391,J.Cook,70,Cook,,,2504645,http://www.nfl.com/player/jameelcook/2504645/profi...,,,237,9
00-0020397,01/09/1978,Oregon State,Chad,Chad Johnson,00-0020397,C.Johnson,73,Johnson,,,2504651,http://www.nfl.com/player/chadjohnson/2504651/prof...,,,188,12
00-0020399,07/01/1979,Northern Illinois,Ryan,Ryan Diem,00-0020399,R.Diem,78,Diem,,,2504653,http://www.nfl.com/player/ryandiem/2504653/profile,,,320,11
00-0020406,01/03/1979,Notre Dame,Mike,Mike Gandy,00-0020406,M.Gandy,76,Gandy,,,2504660,http://www.nfl.com/player/mikegandy/2504660/profil...,,,316,9
00-0020414,10/31/1979,Tennessee-Chattanooga,Terdell,Terdell Sands,00-0020414,T.Sands,79,Sands,,,2504667,http://www.nfl.com/player/terdellsands/2504667/pro...,,,335,8
00-0020422,2/27/1977,Nebraska-Omaha,Chris,Chris Cooper,00-0020422,C.Cooper,77,Cooper,,,2504674,http://www.nfl.com/player/chriscooper/2504674/prof...,,,285,9
00-0020426,09/03/1977,Texas,Casey,Casey Hampton,00-0020426,C.Hampton,73,Hampton,,,2504678,http://www.nfl.com/player/caseyhampton/2504678/pro...,,,325,12
00-0020428,12/17/1979,Texas A&M;,Robert,Robert Ferguson,00-0020428,R.Ferguson,73,Ferguson,,,2504680,http://www.nfl.com/player/robertferguson/2504680/p...,,,219,9
00-0020438,9/26/1977,Oregon State,T.J.,T.J. Houshmandzadeh,00-0020438,T.Houshmandzadeh,74,Houshmandzadeh,,,2504689,http://www.nfl.com/player/t.j.houshmandzadeh/25046...,,,203,11
00-0020442,10/06/1979,Georgia,Richard,Richard Seymour,00-0020442,R.Seymour,78,Seymour,,,2504691,http://www.nfl.com/player/richardseymour/2504691/p...,,,317,12
00-0020444,9/21/1977,Michigan,Jeff,Jeff Backus,00-0020444,J.Backus,77,Backus,,,2504693,http://www.nfl.com/player/jeffbackus/2504693/profi...,,,305,12
00-0020445,12/30/1978,Nebraska,Dominic,Dominic Raiola,00-0020445,D.Raiola,73,Raiola,51,,2504694,http://www.nfl.com/player/dominicraiola/2504694/pr...,,,310,14
00-0020446,08/12/1978,Wisconsin,Chris,Chris Chambers,00-0020446,C.Chambers,71,Chambers,,,2504695,http://www.nfl.com/player/chrischambers/2504695/pr...,,,210,10
00-0020449,7/17/1978,Syracuse,Morlon,Morlon Greenwood,00-0020449,M.Greenwood,72,Greenwood,,,2504698,http://www.nfl.com/player/morlongreenwood/2504698/...,,,241,9
00-0020450,9/24/1977,Wisconsin,Casey,Casey Rabach,00-0020450,C.Rabach,76,Rabach,,,2504699,http://www.nfl.com/player/caseyrabach/2504699/prof...,,,288,10
00-0020457,10/09/1976,Cal State-Bakersfield,Stephen,Stephen Neal,00-0020457,S.Neal,76,Neal,,,2504706,http://www.nfl.com/player/stephenneal/2504706/prof...,,,305,10
00-0020460,8/28/1979,Wisconsin,Jamar,Jamar Fletcher,00-0020460,J.Fletcher,70,Fletcher,,,2504709,http://www.nfl.com/player/jamarfletcher/2504709/pr...,,,180,9
00-0020461,1/26/1979,Michigan,Maurice,Maurice Williams,00-0020461,M.Williams,77,Williams,,,2504710,http://www.nfl.com/player/mauricewilliams/2504710/...,,,302,9
00-0020462,11/11/1978,Maryland,LaMont,LaMont Jordan,00-0020462,L.Jordan,70,Jordan,,,2504711,http://www.nfl.com/player/lamontjordan/2504711/pro...,,,242,9
00-0020463,5/24/1979,Penn State,Kareem,Kareem McKenzie,00-0020463,K.McKenzie,78,McKenzie,,,2504712,http://www.nfl.com/player/kareemmckenzie/2504712/p...,,,330,11
00-0020466,11/01/1977,Michigan,Steve,Steve Hutchinson,00-0020466,S.Hutchinson,77,Hutchinson,,,2504715,http://www.nfl.com/player/stevehutchinson/2504715/...,,,313,12
00-0020467,08/05/1978,Syracuse,Will,Will Allen,00-0020467,W.Allen,70,Allen,,,2504716,http://www.nfl.com/player/willallen/2504716/profil...,,,195,12
00-0020469,09/01/1977,Texas Christian,Aaron,Aaron Schobel,00-0020469,A.Schobel,76,Schobel,,,2504718,http://www.nfl.com/player/aaronschobel/2504718/pro...,,,243,9
00-0020470,5/14/1979,Vanderbilt,Jamie,Jamie Winborn,00-0020470,J.Winborn,71,Winborn,,,2504719,http://www.nfl.com/player/jamiewinborn/2504719/pro...,,,230,10
00-0020475,3/14/1979,Iowa State,Reggie,Reggie Hayward,00-0020475,R.Hayward,77,Hayward,,,2504724,http://www.nfl.com/player/reggiehayward/2504724/pr...,,,275,9
00-0020478,8/20/1978,Kansas State,Monty,Monty Beisel,00-0020478,M.Beisel,76,Beisel,,,2504727,http://www.nfl.com/player/montybeisel/2504727/prof...,,,246,10
00-0020480,03/06/1978,Iowa State,Sage,Sage Rosenfels,00-0020480,S.Rosenfels,76,Rosenfels,,,2504729,http://www.nfl.com/player/sagerosenfels/2504729/pr...,,,225,12
00-0020489,05/12/1979,California,Andre,Andre Carter,00-0020489,A.Carter,76,Carter,96,,2504738,http://www.nfl.com/player/andrecarter/2504738/prof...,,,260,12
00-0020491,03/01/1978,Miami (Fla.),Damione,Damione Lewis,00-0020491,D.Lewis,74,Lewis,,,2504740,http://www.nfl.com/player/damionelewis/2504740/pro...,,,301,11
00-0020492,6/25/1978,Georgia,Marcus,Marcus Stroud,00-0020492,M.Stroud,78,Stroud,,,2504741,http://www.nfl.com/player/marcusstroud/2504741/pro...,,,310,10
00-0020494,06/01/1979,Miami (Fla.),Santana,Santana Moss,00-0020494,S.Moss,70,Moss,89,,2504743,http://www.nfl.com/player/santanamoss/2504743/prof...,,,193,14
00-0020495,12/12/1979,Ohio State,Nate,Nate Clements,00-0020495,N.Clements,72,Clements,,,2504744,http://www.nfl.com/player/nateclements/2504744/pro...,,,205,12
00-0020498,11/17/1978,Miami (Fla.),Reggie,Reggie Wayne,00-0020498,R.Wayne,72,Wayne,87,,2504747,http://www.nfl.com/player/reggiewayne/2504747/prof...,,,203,14
00-0020499,1/23/1979,Mississippi,Ken,Ken Lucas,00-0020499,K.Lucas,72,Lucas,,,2504748,http://www.nfl.com/player/kenlucas/2504748/profile,,,205,9
00-0020504,08/12/1978,Mississippi,Derrick,Derrick Burgess,00-0020504,D.Burgess,74,Burgess,,,2504753,http://www.nfl.com/player/derrickburgess/2504753/p...,,,255,10
00-0020505,10/12/1979,North Carolina State,Adrian,Adrian Wilson,00-0020505,A.Wilson,75,Wilson,44,,2504754,http://www.nfl.com/player/adrianwilson/2504754/pro...,,,230,14
00-0020506,09/08/1977,Alabama,Kenny,Kenny Smith,00-0020506,Ke.Smith,76,Smith,,,2504755,http://www.nfl.com/player/kennysmith/2504755/profi...,,,303,7
00-0020507,12/30/1978,Auburn,Heath,Heath Evans,00-0020507,H.Evans,72,Evans,,,2504756,http://www.nfl.com/player/heathevans/2504756/profi...,,,250,10
00-0020508,6/16/1978,Kansas,Moran,Moran Norris,00-0020508,M.Norris,73,Norris,,,2504757,http://www.nfl.com/player/morannorris/2504757/prof...,,,250,12
00-0020514,8/13/1978,Wisconsin,Michael,Michael Bennett,00-0020514,M.Bennett,69,Bennett,,,2504762,http://www.nfl.com/player/michaelbennett/2504762/p...,,,205,11
00-0020515,10/08/1979,Ohio State,Ryan,Ryan Pickett,00-0020515,R.Pickett,74,Pickett,94,,2504763,http://www.nfl.com/player/ryanpickett/2504763/prof...,,,340,14
00-0020516,3/16/1980,Arizona State,Todd,Todd Heap,00-0020516,T.Heap,77,Heap,,,2504764,http://www.nfl.com/player/toddheap/2504764/profile,,,252,12
00-0020522,4/17/1979,Mississippi State,Fred,Fred Smoot,00-0020522,F.Smoot,71,Smoot,,,2504770,http://www.nfl.com/player/fredsmoot/2504770/profil...,,,185,9
00-0020524,7/25/1978,Florida,Gerard,Gerard Warren,00-0020524,G.Warren,76,Warren,,,2504771,http://www.nfl.com/player/gerardwarren/2504771/pro...,,,330,11
00-0020528,03/12/1979,Texas,Shaun,Shaun Rogers,00-0020528,S.Rogers,76,Rogers,95,,2504774,http://www.nfl.com/player/shaunrogers/2504774/prof...,,,350,13
00-0020531,1/15/1979,Purdue,Drew,Drew Brees,00-0020531,D.Brees,72,Brees,9,QB,2504775,http://www.nfl.com/player/drewbrees/2504775/profil...,ACT,NO,209,17
00-0020533,09/05/1978,Texas,Leonard,Leonard Davis,00-0020533,L.Davis,78,Davis,,,2504776,http://www.nfl.com/player/leonarddavis/2504776/pro...,,,355,12
00-0020535,9/30/1979,Missouri,Justin,Justin Smith,00-0020535,J.Smith,76,Smith,94,,2504777,http://www.nfl.com/player/justinsmith/2504777/prof...,,,285,15
00-0020536,6/23/1979,Texas Christian,LaDainian,LaDainian Tomlinson,00-0020536,L.Tomlinson,70,Tomlinson,,,2504778,http://www.nfl.com/player/ladainiantomlinson/25047...,,,215,11
00-0020543,6/23/1978,Purdue,Matt,Matt Light,00-0020543,M.Light,76,Light,,,2504784,http://www.nfl.com/player/mattlight/2504784/profil...,,,305,11
00-0020550,1/20/1977,Pittsburgh,Darnell,Darnell Dinkins,00-0020550,D.Dinkins,76,Dinkins,,,2504787,http://www.nfl.com/player/darnelldinkins/2504787/p...,,,260,8
00-0020571,7/20/1977,Central Florida CC,Clinton,Clinton Hart,00-0020571,C.Hart,72,Hart,,,2504794,http://www.nfl.com/player/clintonhart/2504794/prof...,,,208,7
00-0020578,5/29/1975,Baylor,Matt,Matt Bryant,00-0020578,M.Bryant,69,Bryant,3,K,2504797,http://www.nfl.com/player/mattbryant/2504797/profi...,ACT,ATL,203,16
00-0020608,7/21/1979,Fresno State,David,David Carr,00-0020608,D.Carr,75,Carr,,,2504804,http://www.nfl.com/player/davidcarr/2504804/profil...,,,212,12
00-0020653,10/22/1978,Grambling State,Kalvin,Kalvin Pearson,00-0020653,K.Pearson,70,Pearson,,,2504821,http://www.nfl.com/player/kalvinpearson/2504821/pr...,,,200,6
00-0020664,1/16/1979,Oklahoma,Brandon,Brandon Moore,00-0020664,B.Moore,73,Moore,,,2504825,http://www.nfl.com/player/brandonmoore/2504825/pro...,,,240,8
00-0020678,10/09/1980,Louisiana-Lafayette,Kyries,Kyries Hebert,00-0020678,K.Hebert,75,Hebert,,,2504832,http://www.nfl.com/player/kyrieshebert/2504832/pro...,,,222,4
00-0020679,01/09/1980,Maryland,Shaun,Shaun Hill,00-0020679,S.Hill,75,Hill,13,,2504833,http://www.nfl.com/player/shaunhill/2504833/profil...,,,230,15
00-0020712,05/04/1978,Kent State,James,James Harrison,00-0020712,J.Harrison,72,Harrison,92,OLB,2504844,http://www.nfl.com/player/jamesharrison/2504844/pr...,ACT,PIT,242,15
00-0020737,04/09/1979,North Carolina,Jeff,Jeff Reed,00-0020737,J.Reed,71,Reed,,,2504853,http://www.nfl.com/player/jeffreed/2504853/profile,,,225,10
00-0020754,7/23/1980,Georgia Tech,Kelly,Kelly Campbell,00-0020754,K.Campbell,70,Campbell,,,2504858,http://www.nfl.com/player/kellycampbell/2504858/pr...,,,175,4
00-0020801,11/28/1978,Memphis,Artis,Artis Hicks,00-0020801,A.Hicks,76,Hicks,,,2504881,http://www.nfl.com/player/artishicks/2504881/profi...,,,312,11
00-0020804,1/25/1979,West Virginia,Corey,Corey McIntyre,00-0020804,C.McIntyre,72,McIntyre,,,2504882,http://www.nfl.com/player/coreymcintyre/2504882/pr...,,,245,8
00-0020805,5/22/1980,Temple,Jason,Jason McKie,00-0020805,J.McKie,71,McKie,,,2504883,http://www.nfl.com/player/jasonmckie/2504883/profi...,,,250,10
00-0020824,10/09/1979,Fresno State,Vernon,Vernon Fox,00-0020824,V.Fox,70,Fox,,,2504893,http://www.nfl.com/player/vernonfox/2504893/profil...,,,203,8
00-0020840,10/12/1979,LSU,Ryan,Ryan Clark,00-0020840,R.Clark,71,Clark,25,,2504899,http://www.nfl.com/player/ryanclark/2504899/profil...,,,205,14
00-0020867,01/10/1979,Utah,Ma'ake,Ma'ake Kemoeatu,00-0020867,M.Kemoeatu,77,Kemoeatu,,,2504910,http://www.nfl.com/player/ma'akekemoeatu/2504910/p...,,,345,9
00-0020873,8/18/1980,Southern Illinois,Bart,Bart Scott,00-0020873,Ba.Scott,74,Scott,,,2504912,http://www.nfl.com/player/bartscott/2504912/profil...,,,242,11
00-0020962,1/29/1978,Georgia Southern,Rob,Rob Bironas,00-0020962,R.Bironas,72,Bironas,2,,2504934,http://www.nfl.com/player/robbironas/2504934/profi...,,,208,9
00-0020969,06/03/1980,Illinois,Brandon,Brandon Moore,00-0020969,B.Moore,75,Moore,,,2504939,http://www.nfl.com/player/brandonmoore/2504939/pro...,,,305,10
00-0020971,04/04/1979,Bowling Green State,Khary,Khary Campbell,00-0020971,K.Campbell,74,Campbell,,,2504940,http://www.nfl.com/player/kharycampbell/2504940/pr...,,,224,8
00-0020972,3/30/1980,Drake,Billy,Billy Cundiff,00-0020972,B.Cundiff,73,Cundiff,8,,2504941,http://www.nfl.com/player/billycundiff/2504941/pro...,,,212,10
00-0020995,01/08/1979,Texas,D.D.,D.D. Lewis,00-0020995,D.Lewis,73,Lewis,,,2504950,http://www.nfl.com/player/d.d.lewis/2504950/profil...,,,241,8
00-0021064,8/14/1979,New Mexico State,Tony,Tony Wragge,00-0021064,T.Wragge,76,Wragge,,,2504973,http://www.nfl.com/player/tonywragge/2504973/profi...,,,310,9
00-0021081,06/07/1979,Alabama-Birmingham,Bryan,Bryan Thomas,00-0021081,B.Thomas,76,Thomas,,,2504976,http://www.nfl.com/player/bryanthomas/2504976/prof...,,,265,11
00-0021083,09/12/1979,Central Florida,Travis,Travis Fisher,00-0021083,T.Fisher,70,Fisher,,,2504978,http://www.nfl.com/player/travisfisher/2504978/pro...,,,194,9
00-0021085,8/19/1980,Georgia,Will,Will Witherspoon,00-0021085,W.Witherspoon,73,Witherspoon,51,,2504980,http://www.nfl.com/player/willwitherspoon/2504980/...,,,242,12
00-0021092,4/18/1979,Colorado,Justin,Justin Bannan,00-0021092,J.Bannan,75,Bannan,,,2504987,http://www.nfl.com/player/justinbannan/2504987/pro...,,,312,12
00-0021096,07/11/1979,Florida,Marquand,Marquand Manuel,00-0021096,M.Manuel,72,Manuel,,,2504991,http://www.nfl.com/player/marquandmanuel/2504991/p...,,,213,8
00-0021099,01/12/1979,LSU,Howard,Howard Green,00-0021099,H.Green,74,Green,,,2504994,http://www.nfl.com/player/howardgreen/2504994/prof...,,,340,8
00-0021100,1/20/1979,Boise State,Jeb,Jeb Putzier,00-0021100,J.Putzier,76,Putzier,,,2504995,http://www.nfl.com/player/jebputzier/2504995/profi...,,,256,8
00-0021106,03/02/1980,Tulsa,Kevin,Kevin Shaffer,00-0021106,K.Shaffer,77,Shaffer,,,2505001,http://www.nfl.com/player/kevinshaffer/2505001/pro...,,,318,9
00-0021126,5/18/1977,Montana State,Ken,Ken Amato,00-0021126,K.Amato,74,Amato,,,2505005,http://www.nfl.com/player/kenamato/2505005/profile,,,240,9
00-0021140,1/18/1980,North Carolina,Julius,Julius Peppers,00-0021140,J.Peppers,79,Peppers,90,DE,2505010,http://www.nfl.com/player/juliuspeppers/2505010/pr...,ACT,CAR,295,16
00-0021141,10/21/1978,Oregon,Joey,Joey Harrington,00-0021141,J.Harrington,76,Harrington,,,2505011,http://www.nfl.com/player/joeyharrington/2505011/p...,,,210,8
00-0021142,01/11/1980,Texas,Mike,Mike Williams,00-0021142,M.Williams,79,Williams,,,2505012,http://www.nfl.com/player/mikewilliams/2505012/pro...,,,337,7
00-0021143,8/14/1980,Oklahoma,Roy,Roy Williams,00-0021143,R.Williams,72,Williams,,,2505013,http://www.nfl.com/player/roywilliams/2505013/prof...,,,222,9
00-0021144,01/09/1979,Tennessee,John,John Henderson,00-0021144,J.Henderson,79,Henderson,,,2505014,http://www.nfl.com/player/johnhenderson/2505014/pr...,,,335,10
00-0021145,8/24/1979,Arizona State,Levi,Levi Jones,00-0021145,L.Jones,77,Jones,,,2505015,http://www.nfl.com/player/levijones/2505015/profil...,,,307,8
00-0021146,2/19/1980,Syracuse,Dwight,Dwight Freeney,00-0021146,D.Freeney,73,Freeney,93,,2505016,http://www.nfl.com/player/dwightfreeney/2505016/pr...,,,268,15
00-0021147,11/10/1980,Tennessee,Donte',Donte' Stallworth,00-0021147,D.Stallworth,72,Stallworth,,,2505017,http://www.nfl.com/player/donte'stallworth/2505017...,,,200,11
00-0021148,8/18/1980,Miami (Fla.),Jeremy,Jeremy Shockey,00-0021148,J.Shockey,77,Shockey,,,2505018,http://www.nfl.com/player/jeremyshockey/2505018/pr...,,,251,10
00-0021149,6/17/1981,Tennessee,Albert,Albert Haynesworth,00-0021149,A.Haynesworth,78,Haynesworth,,,2505019,http://www.nfl.com/player/alberthaynesworth/250501...,,,350,10
00-0021151,9/19/1980,Miami (Fla.),Phillip,Phillip Buchanon,00-0021151,P.Buchanon,71,Buchanon,,,2505021,http://www.nfl.com/player/phillipbuchanon/2505021/...,,,190,10
00-0021152,2/16/1980,Hawaii,Ashley,Ashley Lelie,00-0021152,A.Lelie,75,Lelie,,,2505022,http://www.nfl.com/player/ashleylelie/2505022/prof...,,,195,8
00-0021153,10/14/1978,Florida State,Javon,Javon Walker,00-0021153,J.Walker,75,Walker,,,2505023,http://www.nfl.com/player/javonwalker/2505023/prof...,,,215,9
00-0021154,11/16/1978,Colorado,Daniel,Daniel Graham,00-0021154,D.Graham,75,Graham,,,2505024,http://www.nfl.com/player/danielgraham/2505024/pro...,,,257,11
00-0021156,09/03/1978,Georgia,Charles,Charles Grant,00-0021156,C.Grant,75,Grant,,,2505026,http://www.nfl.com/player/charlesgrant/2505026/pro...,,,285,9
00-0021157,04/08/1981,Florida,Lito,Lito Sheppard,00-0021157,L.Sheppard,70,Sheppard,,,2505027,http://www.nfl.com/player/litosheppard/2505027/pro...,,,194,10
00-0021159,11/13/1979,Washington,Jerramy,Jerramy Stevens,00-0021159,J.Stevens,79,Stevens,,,2505029,http://www.nfl.com/player/jerramystevens/2505029/p...,,,260,9
00-0021160,10/08/1978,Boston College,Marc,Marc Colombo,00-0021160,M.Colombo,80,Colombo,,,2505030,http://www.nfl.com/player/marccolombo/2505030/prof...,,,320,10
00-0021161,03/11/1979,Auburn,Kendall,Kendall Simmons,00-0021161,K.Simmons,75,Simmons,,,2505031,http://www.nfl.com/player/kendallsimmons/2505031/p...,,,315,8
00-0021162,7/17/1980,UCLA,Robert,Robert Thomas,00-0021162,R.Thomas,72,Thomas,,,2505032,http://www.nfl.com/player/robertthomas/2505032/pro...,,,235,8
00-0021163,12/01/1980,Florida,Jabar,Jabar Gaffney,00-0021163,J.Gaffney,74,Gaffney,,,2505033,http://www.nfl.com/player/jabargaffney/2505033/pro...,,,200,11
00-0021166,05/01/1980,LSU,Josh,Josh Reed,00-0021166,J.Reed,70,Reed,,,2505036,http://www.nfl.com/player/joshreed/2505036/profile,,,210,9
00-0021173,6/30/1980,Stanford,Tank,Tank Williams,00-0021173,T.Williams,74,Williams,,,2505043,http://www.nfl.com/player/tankwilliams/2505043/pro...,,,223,8
00-0021174,9/21/1979,Auburn,Tim,Tim Carter,00-0021174,T.Carter,72,Carter,,,2505044,http://www.nfl.com/player/timcarter/2505044/profil...,,,185,8
00-0021175,06/12/1979,Virginia Tech,Andre,Andre Davis,00-0021175,A.Davis,73,Davis,,,2505045,http://www.nfl.com/player/andredavis/2505045/profi...,,,200,9
00-0021178,6/26/1979,San Diego State,Chester,Chester Pitts,00-0021178,C.Pitts,76,Pitts,,,2505048,http://www.nfl.com/player/chesterpitts/2505048/pro...,,,308,9
00-0021179,09/01/1981,Miami (Fla.),Clinton,Clinton Portis,00-0021179,C.Portis,71,Portis,,,2505049,http://www.nfl.com/player/clintonportis/2505049/pr...,,,219,9
00-0021181,09/03/1979,California,Langston,Langston Walker,00-0021181,L.Walker,80,Walker,,,2505051,http://www.nfl.com/player/langstonwalker/2505051/p...,,,360,9
00-0021182,12/01/1979,Oregon,Maurice,Maurice Morris,00-0021182,M.Morris,71,Morris,,,2505052,http://www.nfl.com/player/mauricemorris/2505052/pr...,,,216,10
00-0021184,8/27/1979,Iowa,Ladell,Ladell Betts,00-0021184,L.Betts,71,Betts,,,2505054,http://www.nfl.com/player/ladellbetts/2505054/prof...,,,224,9
00-0021185,4/29/1980,Colorado,Michael,Michael Lewis,00-0021185,M.Lewis,73,Lewis,,,2505055,http://www.nfl.com/player/michaellewis/2505055/pro...,,,222,9
00-0021186,3/19/1979,South Carolina,Sheldon,Sheldon Brown,00-0021186,S.Brown,70,Brown,,,2505056,http://www.nfl.com/player/sheldonbrown/2505056/pro...,,,200,11
00-0021187,04/02/1979,Kansas State,Jon,Jon McGraw,00-0021187,J.McGraw,75,McGraw,,,2505057,http://www.nfl.com/player/jonmcgraw/2505057/profil...,,,208,10
00-0021189,6/15/1977,Brigham Young,Ryan,Ryan Denney,00-0021189,R.Denney,79,Denney,,,2505059,http://www.nfl.com/player/ryandenney/2505059/profi...,,,264,9
00-0021190,8/17/1979,Indiana,Antwaan Randle,Antwaan Randle El,00-0021190,A.Randle El,70,El,,,2505060,http://www.nfl.com/player/antwaanrandleel/2505060/...,,,185,9
00-0021191,03/09/1981,Pittsburgh,Antonio,Antonio Bryant,00-0021191,A.Bryant,73,Bryant,,,2505061,http://www.nfl.com/player/antoniobryant/2505061/pr...,,,211,8
00-0021192,7/18/1979,Louisville,Deion,Deion Branch,00-0021192,D.Branch,69,Branch,86,,2505062,http://www.nfl.com/player/deionbranch/2505062/prof...,,,195,12
00-0021194,08/11/1978,South Carolina,Andre',Andre' Goodman,00-0021194,A.Goodman,70,Goodman,,,2505064,http://www.nfl.com/player/andre'goodman/2505064/pr...,,,191,10
00-0021197,12/07/1978,Kansas State,Ben,Ben Leber,00-0021197,B.Leber,75,Leber,,,2505067,http://www.nfl.com/player/benleber/2505067/profile,,,245,10
00-0021201,3/31/1979,Maryland,Melvin,Melvin Fowler,00-0021201,M.Fowler,75,Fowler,,,2505071,http://www.nfl.com/player/melvinfowler/2505071/pro...,,,310,8
00-0021206,07/04/1979,Sam Houston State,Josh,Josh McCown,00-0021206,J.McCown,76,McCown,15,QB,2505076,http://www.nfl.com/player/joshmccown/2505076/profi...,ACT,NYJ,218,15
00-0021213,11/18/1979,Michigan State,Chris,Chris Baker,00-0021213,C.Baker,75,Baker,,,2505083,http://www.nfl.com/player/chrisbaker/2505083/profi...,,,261,9
00-0021214,9/17/1979,Purdue,Akin,Akin Ayodele,00-0021214,A.Ayodele,74,Ayodele,,,2505084,http://www.nfl.com/player/akinayodele/2505084/prof...,,,245,9
00-0021215,06/12/1979,Texas A&M;,Seth,Seth McKinney,00-0021215,S.McKinney,75,McKinney,,,2505085,http://www.nfl.com/player/sethmckinney/2505085/pro...,,,310,8
00-0021216,09/02/1979,Villanova,Brian,Brian Westbrook,00-0021216,B.Westbrook,70,Westbrook,,,2505086,http://www.nfl.com/player/brianwestbrook/2505086/p...,,,203,9
00-0021218,1/28/1978,Mississippi,Terrence,Terrence Metcalf,00-0021218,T.Metcalf,76,Metcalf,,,2505088,http://www.nfl.com/player/terrencemetcalf/2505088/...,,,310,9
00-0021219,9/29/1980,Florida State,Chris,Chris Hope,00-0021219,C.Hope,72,Hope,,,2505089,http://www.nfl.com/player/chrishope/2505089/profil...,,,208,12
00-0021222,11/07/1978,Stanford,Coy,Coy Wire,00-0021222,C.Wire,72,Wire,,,2505092,http://www.nfl.com/player/coywire/2505092/profile,,,225,10
00-0021224,04/05/1979,Arkansas-Pine Bluff,Dante,Dante Wesley,00-0021224,D.Wesley,73,Wesley,,,2505094,http://www.nfl.com/player/dantewesley/2505094/prof...,,,215,9
00-0021225,12/29/1979,Northwestern,Kevin,Kevin Bentley,00-0021225,K.Bentley,72,Bentley,,,2505095,http://www.nfl.com/player/kevinbentley/2505095/pro...,,,248,10
00-0021227,3/15/1979,Oregon,Justin,Justin Peelle,00-0021227,J.Peelle,76,Peelle,,,2505097,http://www.nfl.com/player/justinpeelle/2505097/pro...,,,251,11
00-0021228,06/04/1979,Florida,Alex,Alex Brown,00-0021228,A.Brown,75,Brown,,,2505098,http://www.nfl.com/player/alexbrown/2505098/profil...,,,260,11
00-0021229,07/02/1979,North Carolina State,Brian,Brian Williams,00-0021229,B.Williams,72,Williams,,,2505099,http://www.nfl.com/player/brianwilliams/2505099/pr...,,,192,10
00-0021230,11/01/1978,North Carolina,David,David Thornton,00-0021230,D.Thornton,74,Thornton,,,2505100,http://www.nfl.com/player/davidthornton/2505100/pr...,,,233,9
00-0021231,2/14/1978,East Carolina,David,David Garrard,00-0021231,D.Garrard,73,Garrard,4,,2505101,http://www.nfl.com/player/davidgarrard/2505101/pro...,,,236,10
00-0021235,10/26/1978,Ohio U.,Dave,Dave Zastudil,00-0021235,D.Zastudil,75,Zastudil,9,,2505105,http://www.nfl.com/player/davezastudil/2505105/pro...,,,220,14
00-0021236,6/28/1979,Georgia,Randy,Randy McMichael,00-0021236,R.McMichael,75,McMichael,,,2505106,http://www.nfl.com/player/randymcmichael/2505106/p...,,,248,11
00-0021244,01/12/1979,LSU,Jarvis,Jarvis Green,00-0021244,J.Green,75,Green,,,2505114,http://www.nfl.com/player/jarvisgreen/2505114/prof...,,,285,9
00-0021246,06/12/1980,Michigan,Larry,Larry Foote,00-0021246,L.Foote,73,Foote,50,,2505116,http://www.nfl.com/player/larryfoote/2505116/profi...,,,239,13
00-0021250,1/24/1980,Notre Dame,Rocky,Rocky Boiman,00-0021250,R.Boiman,76,Boiman,,,2505119,http://www.nfl.com/player/rockyboiman/2505119/prof...,,,236,9
00-0021255,01/10/1980,Notre Dame,John,John Owens,00-0021255,J.Owens,75,Owens,,,2505124,http://www.nfl.com/player/johnowens/2505124/profil...,,,255,9
00-0021257,12/23/1978,Florida,Andra,Andra Davis,00-0021257,A.Davis,73,Davis,,,2505126,http://www.nfl.com/player/andradavis/2505126/profi...,,,255,10
00-0021259,4/28/1979,California,Scott,Scott Fujita,00-0021259,S.Fujita,77,Fujita,,,2505128,http://www.nfl.com/player/scottfujita/2505128/prof...,,,250,11
00-0021261,4/19/1979,Texas A&M;,Rocky,Rocky Bernard,00-0021261,R.Bernard,75,Bernard,,,2505130,http://www.nfl.com/player/rockybernard/2505130/pro...,,,301,11
00-0021262,04/10/1979,UCLA,Kenyon,Kenyon Coleman,00-0021262,K.Coleman,77,Coleman,99,,2505131,http://www.nfl.com/player/kenyoncoleman/2505131/pr...,,,293,12
00-0021267,12/02/1978,Michigan,Jonathan,Jonathan Goodwin,00-0021267,J.Goodwin,75,Goodwin,55,,2505136,http://www.nfl.com/player/jonathangoodwin/2505136/...,,,318,13
